{"Corn": 174.84829232966663, "Rice": 5.156783499461673, "Peanuts": 3.15457044814735, "Sweet corn": 1.636987511629199, "Wheat": 3.281916724758619, "Oats": 1.7329857194135225, "Potatoes": 2.931791059989706, "Onions": 2.8503840117764994, "Cucumbers": 3.115981632235308, "Green peas": 5.416553229173735, "Tomatoes": 2.5560519152548813, "Apples": 1.5020456529990078, "Grapes": 6.4820982243570855, "Other citrus fruits": 2.8528488412981896, "Carrots": 2.4943493694156884, "Oranges": 1.584587706886048, "Peppers": 0.15375932413546345, "Lettuce": 2.0750735624121233, "Cabbage": 1.4767277311642333, "Celery": 0.1834709173570575, "Radishes": 0.04746075793112545, "Tree nuts": 3.3160916577446526, "Other grain": 0.7188113045533738, "Broccoli and cauliflower": 1.5729025980419507, "Stone fruits": 0.3209874536828098, "Berries": 0.2566350685815907, "Legumes": 1.3642847984977902, "Melons": 5.240491816440172, "Bananas": 2.8148557245952683, "Tropical fruits": 3.1019642062498285}